# konkani → yacc  |  script: Devanagari  |  © 1993-2026 Abhishek Choudhary, GPL-3.0-or-later
# native ← romenagri (retrieved/romenagri/langs) ; romenagri → target (retrieved/legacy/Hindawi/wyaaka/h2yacc.uhin)
# rows with an EMPTY native column are UNRESOLVED: a speaker must author them. Nothing here is invented.
native	romenagri	yacc
	mukhya	main
	praa_thamika.sa	basstub.c
	bhaaga.sa	alloc.h
	nishchi_ta.sa	assert.h
	moolapra_nna.sa	bios.h
	pattapana.sa	conio.h
	prakaara.sa	ctype.h
	soochee.sa	dir.h
	dausa.sa	dos.h
	_trutisa_m.sa	errno.h
	bhagna.sa	float.h
	pana.sa	io.h
	seemaa.sa	limits.h
	kxae_tra.sa	locale.h
	ga_nni_ta.sa	math.h
	sm_ri_ti.sa	mem.h
	kriyaa.sa	process.h
	samalaa_nagha.sa	setjmp.h
	sa_mkae_ta.sa	signal.h
	maanaka_tarka.sa	stdarg.h
	maanakaghoaxa.sa	stddef.h
	maanakapana.sa	stdio.h
	maanakakoaxa.sa	stdlib.h
	maalaa.sa	string.h
	s_thi_ti.sa	stat.h
	samaya.sa	time.h
	ba_samaya.sa	timeb.h
	_a_nnu	{
	poor_nna	}
	bapha_maana	BUFSIZ
	_akxara_bita	CHAR_BIT
	_akxara__uchcha	CHAR_MAX
	_akxara_nyoona	CHAR_MIN
	shishu__uchcha	CHILD_MAX
	gha_rdee_tika	CLK_TCK
	_dwiga_bhagna	DBL_DIG
	_dwiga__a_m_tara	DBL_EPSILON
	_dwiga_poor_nna	DBL_MANT_DIG
	_dwiga__uchcha	DBL_MAX
	_dwiga_nyoona	DBL_MIN
	soochee	DIR
	gala_ta__tarka	EDOM
	khaa_taapoor_nna	EOF
	_dusphala	ERANGE
	nikaasa__truti	EXIT_FAILURE
	nikaasa_saphala	EXIT_SUCCESS
	khaa_taa	FILE
	khaa_taanaama__uchcha	FILENAME_MAX
	bhagna_bhagna	FLT_DIG
	bhagna__a_m_tara	FLT_EPSILON
	bhagna_poor_nna	FLT_MANT_DIG
	bhagna__uchcha	FLT_MAX
	bhagna_nyoona	FLT_MIN
	bhagna__aa_dhaara	FLT_RADIX
	kha_khoaloa__uchcha	FOPEN_MAX
	wishaala_maana	HUGE_VAL
	_anan_ta	INFINITY
	poor_nnaa_mka__uchcha	INT_MAX
	poor_nnaa_mka_nyoona	INT_MIN
	_da__dwi_bhagna	LDBL_DIG
	_da__dwi__a_m_tara	LDBL_EPSILON
	_da__dwi_poor_nna	LDBL_MANT_DIG
	_da__dwi__uchcha	LDBL_MAX
	_da__dwi_nyoona	LDBL_MIN
	_deergha__uchcha	LONG_MAX
	_deergha_nyoona	LONG_MIN
	ba_kxa_nnika	L_tmpnam
	na__a_mka	NAN
	na_sa_mshoa_dhana	NDEBUG
	shoonya	NULL
	_akrama__uchcha	RAND_MAX
	cha__akxara__uchcha	SCHAR_MAX
	cha__akxara_nyoona	SCHAR_MIN
	pras_tu_ta_sae	SEEK_CUR
	_a_m_ta_sae	SEEK_END
	shuroo_sae	SEEK_SET
	laghu__uchcha	SHRT_MAX
	laghu_nyoona	SHRT_MIN
	sa_mka_paa_ta	SIBGABRT
	sa_mka_bha__truti	SIGFPE
	sa_mka__awai_dha	SIGILL
	sa_mka_wighna	SIGINT
	sa_mka__a_msha	SIGSEGV
	sa_mka__i_ti	SIGTERM
	sa_mka_poorwa	SIG_DFL
	sa_mka__truti	SIG_ERR
	sa_mka_chhoa_rdoa	SIG_IGN
	kxa_nnika__uchcha	TMP_MAX
	_acha__akxara__uchcha	UCHAR_MAX
	_acha_poor_nnaa_mka__uchcha	UINT_MAX
	_acha__deergha__uchcha	ULONG_MAX
	_acha_laghu__uchcha	USHRT_MAX
	cha	\\a
	ma	\\b
	pa	\\f
	na	\\n
	la	\\r
	ta	\\t
	kha	\\v
	xa	\\x
	_____dina____	__DATE__
	____khaa_taa____	__FILE__
	____pa_mk_ti____	__LINE__
	____maanaka____	__STDC__
	____samaya____	__TIME__
	paa_ta	abort
	_asala	abs
	samaya_theeka	asctime
	ya_m_tra	asm
	nishchi_ta	assert
	nikaasa_para	atexit
	ma_sae_bha	atof
	ma_sae_pa	atoi
	ma_sae__da	atol
	swa_ta_hh	auto
	_awaroa_dha	break
	_dwaa_khoaja	bsearch
	susm_ri_ti	calloc
	_haala	case
	_uchchamaana	ceil
	_akxara	char
	sa_ba_daloa	chdir
	saapha__truti	clearerr
	gha_rdee	clock
	gha_rdee_prakaara	clock_t
	ba_m_da	close
	ba_m_da_soochee	closedir
	s_thira	const
	jaaree	continue
	sa_samaya	ctime
	shaexa	default
	sa__a_m_tara	difftime
	sa_naama	dirname
	bhaaga	div
	bhaaga_prakaara	div_t
	karoa	do
	_dwiguna	double
	_anya_thaa	else
	kramaaga_ta	enum
	_truti_sa_m	errno
	nikaasa	exit
	baa_hya	extern
	bha__asala	fabs
	kha_ba_m_da	fclose
	kha_poor_nna	feof
	kha__truti	ferror
	kha_saapha	fflush
	kha__akxara_loa	fgetc
	kha_s_thaana_loa	fgetpos
	kha_maalaa_loa	fgets
	bhagna	float
	nyoonamaana	floor
	bha_shaexa	fmod
	kha_khoaloa	fopen
	krama	for
	wibhaajana	fork
	kha_s_thaana_prakaara	fpos_t
	kha_likhoa	fprintf
	kha__akxara__doa	fputc
	kha_maalaa__doa	fputs
	kha_pa_rdhoa	fread
	muk_ta	free
	kha_wa_khoaloa	freopen
	mi_tra	friend
	kha_poochhoa	fscanf
	kha_jaa_oa	fseek
	kha_s_thaana__doa	fsetpos
	kha_s_thi_ti	fstat
	kha_ba_taa_oa	ftell
	kha_daaloa	fwrite
	_a_loa	getc
	_akxara_loa	getchar
	_doa_paryaa	getenv
	maalaa_loa	gets
	sa_jamata	gmtime
	jaa_oa	goto
	_agara	if
	_a_m_tarabhoo_ta	inline
	poor_nnaa_mka	int
	_hai__akxara__a_mka	isalnum
	_hai__akxara	isalpha
	_hai_niya_m_tra_nna	iscntrl
	_hai__a_mka	isdigit
	_hai_seemi_ta	isfinite
	_hai_chi_tra	isgraph
	_hai_chhoataa	islower
	_hai__axtaka	isodigit
	_hai_chhaapa	isprint
	_hai_wiraama	ispunct
	_hai_khaalee	isspace
	_hai_ba_rdaa	isupper
	_hai_xaxthaa_dashaka	isxdigit
	laa_nagha_bapha	jmp_buf
	samaap_ta	kill
	_da__asala	labs
	s_thaa_ba_dala	lconv
	_da_bhaaga	ldiv
	_da_bhaaga_prakaara	ldiv_t
	kxae_tra_ba_daloa	localeconv
	sa_s_thaaneeya	localtime
	_deergha	long
	_deergha_laa_nagha	longjmp
	_doa_sm_ri_ti	malloc
	sa_pra_thama	memchr
	sa_bhae_da	memcmp
	sa_nakala	memcpy
	sa__hataa_oa	memmove
	sa_rakhoa	memset
	soochee_ga_rdhoa	mkdir
	sa_ga_rdhoa	mktime
	_dura_twa	offsetof
	khoaloa	open
	soochee_khoaloa	opendir
	chaalaka	operator
	chhoa_rdoa	pause
	likhoa__truti	perror
	ghaa_ta	pow
	ma_likhoa	printf
	nijee	private
	rakxi_ta	protected
	soochaka_bhae_da_prakaara	ptrdiff_t
	khulaa	public
	_a__doa	putc
	_akxara__doa	putchar
	maalaa__doa	puts
	kwika	qsort
	_uthaa_oa	raise
	_akrama	rand
	pa_rdhoa	read
	soochee_pa_rdhoa	readdir
	puna_hh_sm_ri_ti	realloc
	raejistara	register
	_hataa_oa	remove
	naama	rename
	waapasa	return
	shuru_aa_ta	rewind
	soochee_shuru	rewinddir
	soochee__hataa_oa	rmdir
	ma_poochhoa	scanf
	rakhoa_bapha	setbuf
	banaa_oa_laa_nagha	setjmp
	rakhoa_kxae_tra	setlocale
	rakhoa_bhabapha	setvbuf
	laghu	short
	sa_mka_poor_nna_prakaara	sig_atomic_t
	sa_mkae_ta	signal
	chin_hi_ta	signed
	sa_mka_baakee	sigpending
	sa_mka_roakoa	sigsuspend
	maapa_prakaara	size_t
	maapa	sizeof
	pra_likhoa	sprintf
	warga_moola	sqrt
	baekrama	srand
	maalaa_poochhoa	sscanf
	_atala	static
	maanaka__truti	stderr
	maanaka_niwaesha	stdin
	maanaka_nikaasa	stdout
	ma_joa_rdoa	strcat
	ma__akxara	strchr
	ma_bhae_da	strcmp
	ma_nakala	strcpy
	ma_khoaja	strcspn
	ma__truti	strerror
	sa_maalaa	strftime
	ma_maapa	strlen
	ma_joa_rdana	strncat
	ma_bhae_dana	strncmp
	ma_nakalana	strncpy
	ma_khoajapa	strrchr
	ma__akhoaja	strspn
	ma_maalaa	strstr
	ma_sae_bhagna	strtod
	ma_moa_hara	strtok
	ma_sae__deergha	strtol
	ma_sae__a_deergha	strtoul
	kaaxthaa	struct
	chayana	switch
	pra_nnaalee	system
	dhaa_nachaa	template
	samaya	time
	samaya_prakaara	time_t
	baara	times
	pa_mchaa_mga	tm
	kxa_nnika_kha	tmpfile
	kxa_nnika	tmpnam
	chhoatae	tolower
	ba_rdae	toupper
	prakaara	typedef
	_akxara_waapasa	ungetc
	joa_rda	union
	_achin_hi_ta	unsigned
	ba_hu__tarka	va_arg
	ba_hu_poor_nna	va_end
	ba_hu_soochee	va_list
	ba_hu_shuroo	va_start
	bhakha_likhoa	vfprintf
	bhawa	virtual
	wyoama	void
	_as_thira	volatile
	bha_likhoa	vprintf
	bhama_likhoa	vsprintf
	rukoa	wait
	ba__akxara_prakaara	wchar_t
	jaba_taka	while
	ga_likhoa	write
	samaya_loa	gettime
	samaya_rakhoa	settime
