# odia → basic  |  script: Odia  |  © 1993-2026 Abhishek Choudhary, GPL-3.0-or-later
# native ← romenagri (retrieved/romenagri/langs) ; romenagri → target (retrieved/legacy/Hindawi/praatha/h2b.uhin)
# rows with an EMPTY native column are UNRESOLVED: a speaker must author them. Nothing here is invented.
native	romenagri	basic
ଅନ୍ୟଥା	anyathaa	ELSE
କର	kara	DO
ପାଇଁ	paaii_n	FOR
ଜାରି	jaari	\nC continue;\n
ସ୍ଥିତି	sthiti	WHILE
ପୂର୍ଣ୍ଣସଂଖ୍ୟା	puur_n_nasa_mkhyaa	CINT
ସ୍ଥିର	sthira	CONST
ଯେତେବେଳେ	yeeteebeelee	WHILE
