# telugu → basic  |  script: Telugu  |  © 1993-2026 Abhishek Choudhary, GPL-3.0-or-later
# native ← romenagri (retrieved/romenagri/langs) ; romenagri → target (retrieved/legacy/Hindawi/praatha/h2b.uhin)
# rows with an EMPTY native column are UNRESOLVED: a speaker must author them. Nothing here is invented.
native	romenagri	basic
లేకపోతే	leekapootee	ELSE
చేయి	ceeyi	DO
కొరకు	koraku	FOR
కొనసాగు	konasaagu	\nC continue;\n
స్థితి	sthiti	WHILE
పూర్ణాంకం	puur_naa_nka_m	CINT
స్థిర	sthira	CONST
ఎప్పుడు	eppudu	WHILE
