# arabic → basic  |  script: Arabic  |  © 1993-2026 Abhishek Choudhary, GPL-3.0-or-later
# native ← romenagri (retrieved/romenagri/langs) ; romenagri → target (retrieved/legacy/Hindawi/praatha/h2b.uhin)
# rows with an EMPTY native column are UNRESOLVED: a speaker must author them. Nothing here is invented.
native	romenagri	basic
وإلا	vaillaa	ELSE
افعل	ifaela	DO
لكل	likulli	FOR
استمر	istamirra	\nC continue;\n
حالة	haalah	WHILE
صحيح	sahiiha	CINT
ساكن	saakina	CONST
عندما	indamaa	WHILE
اكتب	uktuba	PRINT
