construct,standard,host,romenagri
C_MAIN,main,c,mukhya
C_BASSTUB_C,basstub.c,c,praa_thamika\.sa
C_ALLOC_H,alloc.h,c,bhaaga\.sa
C_ASSERT_H,assert.h,c,nishchi_ta\.sa
C_BIOS_H,bios.h,c,moolapra_nna\.sa
C_CONIO_H,conio.h,c,pattapana\.sa
C_CTYPE_H,ctype.h,c,prakaara\.sa
C_DIR_H,dir.h,c,soochee\.sa
C_DOS_H,dos.h,c,dausa\.sa
C_ERRNO_H,errno.h,c,_trutisa_m\.sa
C_FLOAT_H,float.h,c,bhagna\.sa
C_IO_H,io.h,c,pana\.sa
C_LIMITS_H,limits.h,c,seemaa\.sa
C_LOCALE_H,locale.h,c,kxae_tra\.sa
C_MATH_H,math.h,c,ga_nni_ta\.sa
C_MEM_H,mem.h,c,sm_ri_ti\.sa
C_PROCESS_H,process.h,c,kriyaa\.sa
C_SETJMP_H,setjmp.h,c,samalaa_nagha\.sa
C_SIGNAL_H,signal.h,c,sa_mkae_ta\.sa
C_STDARG_H,stdarg.h,c,maanaka_tarka\.sa
C_STDDEF_H,stddef.h,c,maanakaghoaxa\.sa
C_STDIO_H,stdio.h,c,maanakapana\.sa
C_STDLIB_H,stdlib.h,c,maanakakoaxa\.sa
C_STRING_H,string.h,c,maalaa\.sa
C_STAT_H,stat.h,c,s_thi_ti\.sa
C_TIME_H,time.h,c,samaya\.sa
C_TIMEB_H,timeb.h,c,ba_samaya\.sa
C__,{,c,_a_nnu
C__,},c,poor_nna
C__DEFINE,#define,c,\#ghoaxa_nnaa
C__ELIF,#elif,c,\#yaa__agara
C__ELSE,#else,c,\#_anya_thaa
C__ENDIF,#endif,c,\#poor_nna__agara
C__ERROR,#error,c,\#_truti
C__IF,#if,c,\#_agara
C__IFDEF,#ifdef,c,\#_agara_ghoaxi_ta
C__IFNDEF,#ifndef,c,\#_agara__aghoaxi_ta
C__INCLUDE,#include,c,\#samaawaesha
C__LINE,#line,c,\#pa_mk_ti
C__PRAGMA,#pragma,c,\#_aashaya
C__UNDEF,#undef,c,\#_aghoaxi_ta
C_BUFSIZ,BUFSIZ,c,bapha_maana
C_CHAR_BIT,CHAR_BIT,c,_akxara_bita
C_CHAR_MAX,CHAR_MAX,c,_akxara__uchcha
C_CHAR_MIN,CHAR_MIN,c,_akxara_nyoona
C_CHILD_MAX,CHILD_MAX,c,shishu__uchcha
C_CLK_TCK,CLK_TCK,c,gha_rdee_tika
C_DBL_DIG,DBL_DIG,c,_dwiga_bhagna
C_DBL_EPSILON,DBL_EPSILON,c,_dwiga__a_m_tara
C_DBL_MANT_DIG,DBL_MANT_DIG,c,_dwiga_poor_nna
C_DBL_MAX,DBL_MAX,c,_dwiga__uchcha
C_DBL_MIN,DBL_MIN,c,_dwiga_nyoona
C_DIR,DIR,c,soochee
C_EDOM,EDOM,c,gala_ta__tarka
C_EOF,EOF,c,khaa_taapoor_nna
C_ERANGE,ERANGE,c,_dusphala
C_EXIT_FAILURE,EXIT_FAILURE,c,nikaasa__truti
C_EXIT_SUCCESS,EXIT_SUCCESS,c,nikaasa_saphala
C_FILE,FILE,c,khaa_taa
C_FILENAME_MAX,FILENAME_MAX,c,khaa_taanaama__uchcha
C_FLT_DIG,FLT_DIG,c,bhagna_bhagna
C_FLT_EPSILON,FLT_EPSILON,c,bhagna__a_m_tara
C_FLT_MANT_DIG,FLT_MANT_DIG,c,bhagna_poor_nna
C_FLT_MAX,FLT_MAX,c,bhagna__uchcha
C_FLT_MIN,FLT_MIN,c,bhagna_nyoona
C_FLT_RADIX,FLT_RADIX,c,bhagna__aa_dhaara
C_FOPEN_MAX,FOPEN_MAX,c,kha_khoaloa__uchcha
C_HUGE_VAL,HUGE_VAL,c,wishaala_maana
C_INFINITY,INFINITY,c,_anan_ta
C_INT_MAX,INT_MAX,c,poor_nnaa_mka__uchcha
C_INT_MIN,INT_MIN,c,poor_nnaa_mka_nyoona
C_LDBL_DIG,LDBL_DIG,c,_da__dwi_bhagna
C_LDBL_EPSILON,LDBL_EPSILON,c,_da__dwi__a_m_tara
C_LDBL_MANT_DIG,LDBL_MANT_DIG,c,_da__dwi_poor_nna
C_LDBL_MAX,LDBL_MAX,c,_da__dwi__uchcha
C_LDBL_MIN,LDBL_MIN,c,_da__dwi_nyoona
C_LONG_MAX,LONG_MAX,c,_deergha__uchcha
C_LONG_MIN,LONG_MIN,c,_deergha_nyoona
C_L_TMPNAM,L_tmpnam,c,ba_kxa_nnika
C_NAN,NAN,c,na__a_mka
C_NDEBUG,NDEBUG,c,na_sa_mshoa_dhana
C_NULL,NULL,c,shoonya
C_RAND_MAX,RAND_MAX,c,_akrama__uchcha
C_SCHAR_MAX,SCHAR_MAX,c,cha__akxara__uchcha
C_SCHAR_MIN,SCHAR_MIN,c,cha__akxara_nyoona
C_SEEK_CUR,SEEK_CUR,c,pras_tu_ta_sae
C_SEEK_END,SEEK_END,c,_a_m_ta_sae
C_SEEK_SET,SEEK_SET,c,shuroo_sae
C_SHRT_MAX,SHRT_MAX,c,laghu__uchcha
C_SHRT_MIN,SHRT_MIN,c,laghu_nyoona
C_SIBGABRT,SIBGABRT,c,sa_mka_paa_ta
C_SIGFPE,SIGFPE,c,sa_mka_bha__truti
C_SIGILL,SIGILL,c,sa_mka__awai_dha
C_SIGINT,SIGINT,c,sa_mka_wighna
C_SIGSEGV,SIGSEGV,c,sa_mka__a_msha
C_SIGTERM,SIGTERM,c,sa_mka__i_ti
C_SIG_DFL,SIG_DFL,c,sa_mka_poorwa
C_SIG_ERR,SIG_ERR,c,sa_mka__truti
C_SIG_IGN,SIG_IGN,c,sa_mka_chhoa_rdoa
C_TMP_MAX,TMP_MAX,c,kxa_nnika__uchcha
C_UCHAR_MAX,UCHAR_MAX,c,_acha__akxara__uchcha
C_UINT_MAX,UINT_MAX,c,_acha_poor_nnaa_mka__uchcha
C_ULONG_MAX,ULONG_MAX,c,_acha__deergha__uchcha
C_USHRT_MAX,USHRT_MAX,c,_acha_laghu__uchcha
C___DATE__,__DATE__,c,_____dina____
C___FILE__,__FILE__,c,____khaa_taa____
C___LINE__,__LINE__,c,____pa_mk_ti____
C___STDC__,__STDC__,c,____maanaka____
C___TIME__,__TIME__,c,____samaya____
C_ABORT,abort,c,paa_ta
C_ABS,abs,c,_asala
C_ASCTIME,asctime,c,samaya_theeka
C_ASM,asm,c,ya_m_tra
C_ASSERT,assert,c,nishchi_ta
C_ATEXIT,atexit,c,nikaasa_para
C_ATOF,atof,c,ma_sae_bha
C_ATOI,atoi,c,ma_sae_pa
C_ATOL,atol,c,ma_sae__da
C_AUTO,auto,c,swa_ta_hh
C_BREAK,break,c,_awaroa_dha
C_BSEARCH,bsearch,c,_dwaa_khoaja
C_CALLOC,calloc,c,susm_ri_ti
C_CASE,case,c,_haala
C_CEIL,ceil,c,_uchchamaana
C_CHAR,char,c,_akxara
C_CHDIR,chdir,c,sa_ba_daloa
C_CLEARERR,clearerr,c,saapha__truti
C_CLOCK,clock,c,gha_rdee
C_CLOCK_T,clock_t,c,gha_rdee_prakaara
C_CLOSE,close,c,ba_m_da
C_CLOSEDIR,closedir,c,ba_m_da_soochee
C_CONST,const,c,s_thira
C_CONTINUE,continue,c,jaaree
C_CTIME,ctime,c,sa_samaya
C_DEFAULT,default,c,shaexa
C_DIFFTIME,difftime,c,sa__a_m_tara
C_DIRNAME,dirname,c,sa_naama
C_DIV,div,c,bhaaga
C_DIV_T,div_t,c,bhaaga_prakaara
C_DO,do,c,karoa
C_DOUBLE,double,c,_dwiguna
C_ELSE,else,c,_anya_thaa
C_ENUM,enum,c,kramaaga_ta
C_ERRNO,errno,c,_truti_sa_m
C_EXIT,exit,c,nikaasa
C_EXTERN,extern,c,baa_hya
C_FABS,fabs,c,bha__asala
C_FCLOSE,fclose,c,kha_ba_m_da
C_FEOF,feof,c,kha_poor_nna
C_FERROR,ferror,c,kha__truti
C_FFLUSH,fflush,c,kha_saapha
C_FGETC,fgetc,c,kha__akxara_loa
C_FGETPOS,fgetpos,c,kha_s_thaana_loa
C_FGETS,fgets,c,kha_maalaa_loa
C_FLOAT,float,c,bhagna
C_FLOOR,floor,c,nyoonamaana
C_FMOD,fmod,c,bha_shaexa
C_FOPEN,fopen,c,kha_khoaloa
C_FOR,for,c,krama
C_FORK,fork,c,wibhaajana
C_FPOS_T,fpos_t,c,kha_s_thaana_prakaara
C_FPRINTF,fprintf,c,kha_likhoa
C_FPUTC,fputc,c,kha__akxara__doa
C_FPUTS,fputs,c,kha_maalaa__doa
C_FREAD,fread,c,kha_pa_rdhoa
C_FREE,free,c,muk_ta
C_FREOPEN,freopen,c,kha_wa_khoaloa
C_FRIEND,friend,c,mi_tra
C_FSCANF,fscanf,c,kha_poochhoa
C_FSEEK,fseek,c,kha_jaa_oa
C_FSETPOS,fsetpos,c,kha_s_thaana__doa
C_FSTAT,fstat,c,kha_s_thi_ti
C_FTELL,ftell,c,kha_ba_taa_oa
C_FWRITE,fwrite,c,kha_daaloa
C_GETC,getc,c,_a_loa
C_GETCHAR,getchar,c,_akxara_loa
C_GETENV,getenv,c,_doa_paryaa
C_GETS,gets,c,maalaa_loa
C_GMTIME,gmtime,c,sa_jamata
C_GOTO,goto,c,jaa_oa
C_IF,if,c,_agara
C_INLINE,inline,c,_a_m_tarabhoo_ta
C_INT,int,c,poor_nnaa_mka
C_ISALNUM,isalnum,c,_hai__akxara__a_mka
C_ISALPHA,isalpha,c,_hai__akxara
C_ISCNTRL,iscntrl,c,_hai_niya_m_tra_nna
C_ISDIGIT,isdigit,c,_hai__a_mka
C_ISFINITE,isfinite,c,_hai_seemi_ta
C_ISGRAPH,isgraph,c,_hai_chi_tra
C_ISLOWER,islower,c,_hai_chhoataa
C_ISODIGIT,isodigit,c,_hai__axtaka
C_ISPRINT,isprint,c,_hai_chhaapa
C_ISPUNCT,ispunct,c,_hai_wiraama
C_ISSPACE,isspace,c,_hai_khaalee
C_ISUPPER,isupper,c,_hai_ba_rdaa
C_ISXDIGIT,isxdigit,c,_hai_xaxthaa_dashaka
C_JMP_BUF,jmp_buf,c,laa_nagha_bapha
C_KILL,kill,c,samaap_ta
C_LABS,labs,c,_da__asala
C_LCONV,lconv,c,s_thaa_ba_dala
C_LDIV,ldiv,c,_da_bhaaga
C_LDIV_T,ldiv_t,c,_da_bhaaga_prakaara
C_LOCALECONV,localeconv,c,kxae_tra_ba_daloa
C_LOCALTIME,localtime,c,sa_s_thaaneeya
C_LONG,long,c,_deergha
C_LONGJMP,longjmp,c,_deergha_laa_nagha
C_MALLOC,malloc,c,_doa_sm_ri_ti
C_MEMCHR,memchr,c,sa_pra_thama
C_MEMCMP,memcmp,c,sa_bhae_da
C_MEMCPY,memcpy,c,sa_nakala
C_MEMMOVE,memmove,c,sa__hataa_oa
C_MEMSET,memset,c,sa_rakhoa
C_MKDIR,mkdir,c,soochee_ga_rdhoa
C_MKTIME,mktime,c,sa_ga_rdhoa
C_OFFSETOF,offsetof,c,_dura_twa
C_OPEN,open,c,khoaloa
C_OPENDIR,opendir,c,soochee_khoaloa
C_OPERATOR,operator,c,chaalaka
C_PAUSE,pause,c,chhoa_rdoa
C_PERROR,perror,c,likhoa__truti
C_POW,pow,c,ghaa_ta
C_PRINTF,printf,c,ma_likhoa
C_PRIVATE,private,c,nijee
C_PROTECTED,protected,c,rakxi_ta
C_PTRDIFF_T,ptrdiff_t,c,soochaka_bhae_da_prakaara
C_PUBLIC,public,c,khulaa
C_PUTC,putc,c,_a__doa
C_PUTCHAR,putchar,c,_akxara__doa
C_PUTS,puts,c,maalaa__doa
C_QSORT,qsort,c,kwika
C_RAISE,raise,c,_uthaa_oa
C_RAND,rand,c,_akrama
C_READ,read,c,pa_rdhoa
C_READDIR,readdir,c,soochee_pa_rdhoa
C_REALLOC,realloc,c,puna_hh_sm_ri_ti
C_REGISTER,register,c,raejistara
C_REMOVE,remove,c,_hataa_oa
C_RENAME,rename,c,naama
C_RETURN,return,c,waapasa
C_REWIND,rewind,c,shuru_aa_ta
C_REWINDDIR,rewinddir,c,soochee_shuru
C_RMDIR,rmdir,c,soochee__hataa_oa
C_SCANF,scanf,c,ma_poochhoa
C_SETBUF,setbuf,c,rakhoa_bapha
C_SETJMP,setjmp,c,banaa_oa_laa_nagha
C_SETLOCALE,setlocale,c,rakhoa_kxae_tra
C_SETVBUF,setvbuf,c,rakhoa_bhabapha
C_SHORT,short,c,laghu
C_SIG_ATOMIC_T,sig_atomic_t,c,sa_mka_poor_nna_prakaara
C_SIGNAL,signal,c,sa_mkae_ta
C_SIGNED,signed,c,chin_hi_ta
C_SIGPENDING,sigpending,c,sa_mka_baakee
C_SIGSUSPEND,sigsuspend,c,sa_mka_roakoa
C_SIZE_T,size_t,c,maapa_prakaara
C_SIZEOF,sizeof,c,maapa
C_SPRINTF,sprintf,c,pra_likhoa
C_SQRT,sqrt,c,warga_moola
C_SRAND,srand,c,baekrama
C_SSCANF,sscanf,c,maalaa_poochhoa
C_STATIC,static,c,_atala
C_STDERR,stderr,c,maanaka__truti
C_STDIN,stdin,c,maanaka_niwaesha
C_STDOUT,stdout,c,maanaka_nikaasa
C_STRCAT,strcat,c,ma_joa_rdoa
C_STRCHR,strchr,c,ma__akxara
C_STRCMP,strcmp,c,ma_bhae_da
C_STRCPY,strcpy,c,ma_nakala
C_STRCSPN,strcspn,c,ma_khoaja
C_STRERROR,strerror,c,ma__truti
C_STRFTIME,strftime,c,sa_maalaa
C_STRLEN,strlen,c,ma_maapa
C_STRNCAT,strncat,c,ma_joa_rdana
C_STRNCMP,strncmp,c,ma_bhae_dana
C_STRNCPY,strncpy,c,ma_nakalana
C_STRRCHR,strrchr,c,ma_khoajapa
C_STRSPN,strspn,c,ma__akhoaja
C_STRSTR,strstr,c,ma_maalaa
C_STRTOD,strtod,c,ma_sae_bhagna
C_STRTOK,strtok,c,ma_moa_hara
C_STRTOL,strtol,c,ma_sae__deergha
C_STRTOUL,strtoul,c,ma_sae__a_deergha
C_STRUCT,struct,c,kaaxthaa
C_SWITCH,switch,c,chayana
C_SYSTEM,system,c,pra_nnaalee
C_TEMPLATE,template,c,dhaa_nachaa
C_TIME,time,c,samaya
C_TIME_T,time_t,c,samaya_prakaara
C_TIMES,times,c,baara
C_TM,tm,c,pa_mchaa_mga
C_TMPFILE,tmpfile,c,kxa_nnika_kha
C_TMPNAM,tmpnam,c,kxa_nnika
C_TOLOWER,tolower,c,chhoatae
C_TOUPPER,toupper,c,ba_rdae
C_TYPEDEF,typedef,c,prakaara
C_UNGETC,ungetc,c,_akxara_waapasa
C_UNION,union,c,joa_rda
C_UNSIGNED,unsigned,c,_achin_hi_ta
C_VA_ARG,va_arg,c,ba_hu__tarka
C_VA_END,va_end,c,ba_hu_poor_nna
C_VA_START,va_start,c,ba_hu_shuroo
C_VFPRINTF,vfprintf,c,bhakha_likhoa
C_VIRTUAL,virtual,c,bhawa
C_VOID,void,c,wyoama
C_VOLATILE,volatile,c,_as_thira
C_VPRINTF,vprintf,c,bha_likhoa
C_VSPRINTF,vsprintf,c,bhama_likhoa
C_WAIT,wait,c,rukoa
C_WCHAR_T,wchar_t,c,ba__akxara_prakaara
C_WHILE,while,c,jaba_taka
C_WRITE,write,c,ga_likhoa
C_GETTIME,gettime,c,samaya_loa
C_SETTIME,settime,c,samaya_rakhoa
CPP___,|=,cpp,orictxt832
CPP___,||,cpp,orictxt833
CPP__,~,cpp,orictxt835
CPP__,!,cpp,orictxt1
CPP___,!=,cpp,orictxt2
CPP__,#,cpp,orictxt5
CPP___,##,cpp,orictxt6
CPP__,%,cpp,orictxt21
CPP___,%=,cpp,orictxt22
CPP__,&,cpp,orictxt23
CPP___,&&,cpp,orictxt24
CPP___,&=,cpp,orictxt25
CPP__,*,cpp,orictxt26
CPP___,*=,cpp,orictxt27
CPP__,+,cpp,orictxt28
CPP___,++,cpp,orictxt29
CPP___,+=,cpp,orictxt30
CPP__,-,cpp,orictxt31
CPP___,--,cpp,orictxt32
CPP___,-=,cpp,orictxt33
CPP___,->,cpp,orictxt34
CPP____,->*,cpp,orictxt35
CPP__,.,cpp,orictxt36
CPP___,.*,cpp,orictxt37
CPP__,/,cpp,orictxt38
CPP___,/=,cpp,orictxt39
CPP___,::,cpp,orictxt40
CPP__,<,cpp,orictxt41
CPP___,<<,cpp,orictxt42
CPP____,<<=,cpp,orictxt43
CPP__,>,cpp,orictxt44
CPP___,>>,cpp,orictxt45
CPP____,>>=,cpp,orictxt46
CPP___,?:,cpp,orictxt47
CPP_ARG_MAX,ARG_MAX,cpp,orictxt57
CPP_B0,B0,cpp,orictxt58
CPP_B110,B110,cpp,orictxt59
CPP_B1200,B1200,cpp,orictxt60
CPP_B134,B134,cpp,orictxt61
CPP_B150,B150,cpp,orictxt62
CPP_B1800,B1800,cpp,orictxt63
CPP_B19200,B19200,cpp,orictxt64
CPP_B200,B200,cpp,orictxt65
CPP_B2400,B2400,cpp,orictxt66
CPP_B300,B300,cpp,orictxt67
CPP_B38400,B38400,cpp,orictxt68
CPP_B4800,B4800,cpp,orictxt69
CPP_B50,B50,cpp,orictxt70
CPP_B600,B600,cpp,orictxt71
CPP_B75,B75,cpp,orictxt72
CPP_B9600,B9600,cpp,orictxt73
CPP_BRKINT,BRKINT,cpp,orictxt74
CPP_CLOCAL,CLOCAL,cpp,orictxt81
CPP_CLOCKS_PER_SEC,CLOCKS_PER_SEC,cpp,orictxt82
CPP_CREAD,CREAD,cpp,orictxt83
CPP_CS5,CS5,cpp,orictxt84
CPP_CS6,CS6,cpp,orictxt85
CPP_CS7,CS7,cpp,orictxt86
CPP_CS8,CS8,cpp,orictxt87
CPP_CSIZE,CSIZE,cpp,orictxt88
CPP_CSTOPB,CSTOPB,cpp,orictxt89
CPP_DBL_MAX_10_EXP,DBL_MAX_10_EXP,cpp,orictxt94
CPP_DBL_MAX_EXP,DBL_MAX_EXP,cpp,orictxt95
CPP_DBL_MIN_10_EXP,DBL_MIN_10_EXP,cpp,orictxt97
CPP_DBL_MIN_EXP,DBL_MIN_EXP,cpp,orictxt98
CPP_E2BIG,E2BIG,cpp,orictxt100
CPP_EACCESS,EACCESS,cpp,orictxt101
CPP_EAGAIN,EAGAIN,cpp,orictxt102
CPP_EBADF,EBADF,cpp,orictxt103
CPP_EBUSY,EBUSY,cpp,orictxt104
CPP_ECHILD,ECHILD,cpp,orictxt105
CPP_ECHO,ECHO,cpp,orictxt106
CPP_ECHOE,ECHOE,cpp,orictxt107
CPP_ECHOK,ECHOK,cpp,orictxt108
CPP_ECHONL,ECHONL,cpp,orictxt109
CPP_EDEADLK,EDEADLK,cpp,orictxt110
CPP_EEXIST,EEXIST,cpp,orictxt112
CPP_EFAULT,EFAULT,cpp,orictxt113
CPP_EFBIG,EFBIG,cpp,orictxt114
CPP_EINTR,EINTR,cpp,orictxt115
CPP_EINVAL,EINVAL,cpp,orictxt116
CPP_EIO,EIO,cpp,orictxt117
CPP_EISDIR,EISDIR,cpp,orictxt118
CPP_EMFILE,EMFILE,cpp,orictxt119
CPP_EMLINK,EMLINK,cpp,orictxt120
CPP_ENAMETOOLONG,ENAMETOOLONG,cpp,orictxt121
CPP_ENFILE,ENFILE,cpp,orictxt122
CPP_ENODEV,ENODEV,cpp,orictxt123
CPP_ENOENT,ENOENT,cpp,orictxt124
CPP_ENOEXEC,ENOEXEC,cpp,orictxt125
CPP_ENOLCK,ENOLCK,cpp,orictxt126
CPP_ENOMEM,ENOMEM,cpp,orictxt127
CPP_ENOSPC,ENOSPC,cpp,orictxt128
CPP_ENOTDIR,ENOTDIR,cpp,orictxt129
CPP_ENOTEMPTY,ENOTEMPTY,cpp,orictxt130
CPP_ENOTTY,ENOTTY,cpp,orictxt131
CPP_ENXIO,ENXIO,cpp,orictxt132
CPP_EPERM,EPERM,cpp,orictxt134
CPP_EPIPE,EPIPE,cpp,orictxt135
CPP_EROFS,EROFS,cpp,orictxt137
CPP_ESPIPE,ESPIPE,cpp,orictxt138
CPP_ESRCH,ESRCH,cpp,orictxt139
CPP_EXDEV,EXDEV,cpp,orictxt140
CPP_FD_CLOEXEC,FD_CLOEXEC,cpp,orictxt143
CPP_FE_ALL_EXCEPT,FE_ALL_EXCEPT,cpp,orictxt144
CPP_FE_DBLPREC,FE_DBLPREC,cpp,orictxt145
CPP_FE_DIVBYZERO,FE_DIVBYZERO,cpp,orictxt146
CPP_FE_DOWNWARD,FE_DOWNWARD,cpp,orictxt147
CPP_FE_FLTPREC,FE_FLTPREC,cpp,orictxt148
CPP_FE_INEXACT,FE_INEXACT,cpp,orictxt149
CPP_FE_INVALID,FE_INVALID,cpp,orictxt150
CPP_FE_LDBLPREC,FE_LDBLPREC,cpp,orictxt151
CPP_FE_OVERFLOW,FE_OVERFLOW,cpp,orictxt152
CPP_FE_TONEAREST,FE_TONEAREST,cpp,orictxt153
CPP_FE_TOWARDZERO,FE_TOWARDZERO,cpp,orictxt154
CPP_FE_UNDERFLOW,FE_UNDERFLOW,cpp,orictxt155
CPP_FE_UPWARD,FE_UPWARD,cpp,orictxt156
CPP_FLT_MAX_10_EXP,FLT_MAX_10_EXP,cpp,orictxt163
CPP_FLT_MAX_EXP,FLT_MAX_EXP,cpp,orictxt164
CPP_FLT_MIN_10_EXP,FLT_MIN_10_EXP,cpp,orictxt166
CPP_FLT_MIN_EXP,FLT_MIN_EXP,cpp,orictxt167
CPP_FLT_ROUNDS,FLT_ROUNDS,cpp,orictxt169
CPP_FP_INFINITE,FP_INFINITE,cpp,orictxt171
CPP_FP_NANQ,FP_NANQ,cpp,orictxt172
CPP_FP_NANS,FP_NANS,cpp,orictxt173
CPP_FP_NORMAL,FP_NORMAL,cpp,orictxt174
CPP_FP_SUBNORMAL,FP_SUBNORMAL,cpp,orictxt175
CPP_FP_ZERO,FP_ZERO,cpp,orictxt176
CPP_F_DUPFD,F_DUPFD,cpp,orictxt177
CPP_F_GETFD,F_GETFD,cpp,orictxt178
CPP_F_GETFL,F_GETFL,cpp,orictxt179
CPP_F_GETLK,F_GETLK,cpp,orictxt180
CPP_F_OK,F_OK,cpp,orictxt181
CPP_F_RDLCK,F_RDLCK,cpp,orictxt182
CPP_F_SETFD,F_SETFD,cpp,orictxt183
CPP_F_SETFL,F_SETFL,cpp,orictxt184
CPP_F_SETLK,F_SETLK,cpp,orictxt185
CPP_F_SETLKW,F_SETLKW,cpp,orictxt186
CPP_F_UNLCK,F_UNLCK,cpp,orictxt187
CPP_F_WRLCK,F_WRLCK,cpp,orictxt188
CPP_HUPCL,HUPCL,cpp,orictxt190
CPP_ICANON,ICANON,cpp,orictxt191
CPP_ICRNL,ICRNL,cpp,orictxt192
CPP_IEXTEN,IEXTEN,cpp,orictxt193
CPP_IGNBRK,IGNBRK,cpp,orictxt194
CPP_IGNCR,IGNCR,cpp,orictxt195
CPP_IGNLCR,IGNLCR,cpp,orictxt196
CPP_IGNPAR,IGNPAR,cpp,orictxt197
CPP_INPCK,INPCK,cpp,orictxt199
CPP_ISIG,ISIG,cpp,orictxt202
CPP_ISTRIP,ISTRIP,cpp,orictxt203
CPP_IXOFF,IXOFF,cpp,orictxt204
CPP_IXON,IXON,cpp,orictxt205
CPP_LC_ALL,LC_ALL,cpp,orictxt206
CPP_LC_COLLATE,LC_COLLATE,cpp,orictxt207
CPP_LC_CTYPE,LC_CTYPE,cpp,orictxt208
CPP_LC_MONETARY,LC_MONETARY,cpp,orictxt209
CPP_LC_NUMERIC,LC_NUMERIC,cpp,orictxt210
CPP_LC_TIME,LC_TIME,cpp,orictxt211
CPP_LDBL_MAX_10_EXP,LDBL_MAX_10_EXP,cpp,orictxt221
CPP_LDBL_MAX_EXP,LDBL_MAX_EXP,cpp,orictxt223
CPP_LDBL_MIN_10_EXP,LDBL_MIN_10_EXP,cpp,orictxt227
CPP_LDBL_MIN_EXP,LDBL_MIN_EXP,cpp,orictxt229
CPP_L_CTERMID,L_ctermid,cpp,orictxt233
CPP_MAX_CANON,MAX_CANON,cpp,orictxt235
CPP_MAX_INPUT,MAX_INPUT,cpp,orictxt236
CPP_MB_CUR_MAX,MB_CUR_MAX,cpp,orictxt237
CPP_MB_LEN_MAX,MB_LEN_MAX,cpp,orictxt238
CPP_NAME_MAX,NAME_MAX,cpp,orictxt239
CPP_NANS,NANS,cpp,orictxt241
CPP_NCCS,NCCS,cpp,orictxt242
CPP_NGROUPS_MAX,NGROUPS_MAX,cpp,orictxt244
CPP_NOFLSH,NOFLSH,cpp,orictxt245
CPP_OPEN_MAX,OPEN_MAX,cpp,orictxt247
CPP_OPOST,OPOST,cpp,orictxt248
CPP_O_ACCMODE,O_ACCMODE,cpp,orictxt249
CPP_O_APPEND,O_APPEND,cpp,orictxt250
CPP_O_CREAT,O_CREAT,cpp,orictxt251
CPP_O_EXCL,O_EXCL,cpp,orictxt252
CPP_O_NOCTTY,O_NOCTTY,cpp,orictxt253
CPP_O_NONBLOCK,O_NONBLOCK,cpp,orictxt254
CPP_O_RDONLY,O_RDONLY,cpp,orictxt255
CPP_O_RDWR,O_RDWR,cpp,orictxt256
CPP_O_TRUNC,O_TRUNC,cpp,orictxt257
CPP_O_WRONLY,O_WRONLY,cpp,orictxt258
CPP_PARENB,PARENB,cpp,orictxt259
CPP_PARMRK,PARMRK,cpp,orictxt260
CPP_PARODD,PARODD,cpp,orictxt261
CPP_PATH_MAX,PATH_MAX,cpp,orictxt262
CPP_PIPE_BUF,PIPE_BUF,cpp,orictxt263
CPP_R_OK,R_OK,cpp,orictxt265
CPP_SA_NOCLDSTOP,SA_NOCLDSTOP,cpp,orictxt266
CPP_SIGARLM,SIGARLM,cpp,orictxt275
CPP_SIGCHLD,SIGCHLD,cpp,orictxt276
CPP_SIGCONT,SIGCONT,cpp,orictxt277
CPP_SIGHUP,SIGHUP,cpp,orictxt279
CPP_SIGKILL,SIGKILL,cpp,orictxt282
CPP_SIGPIPE,SIGPIPE,cpp,orictxt283
CPP_SIGQUIT,SIGQUIT,cpp,orictxt284
CPP_SIGSTOP,SIGSTOP,cpp,orictxt286
CPP_SIGTSTP,SIGTSTP,cpp,orictxt288
CPP_SIGTTIN,SIGTTIN,cpp,orictxt289
CPP_SIGTTOU,SIGTTOU,cpp,orictxt290
CPP_SIGUSR1,SIGUSR1,cpp,orictxt291
CPP_SIGUSR2,SIGUSR2,cpp,orictxt292
CPP_SIG_BLOCK,SIG_BLOCK,cpp,orictxt293
CPP_SIG_SETMASK,SIG_SETMASK,cpp,orictxt297
CPP_SIG_UNBLOCK,SIG_UNBLOCK,cpp,orictxt298
CPP_SSIZE_MAX,SSIZE_MAX,cpp,orictxt299
CPP_STDERR_FILENO,STDERR_FILENO,cpp,orictxt300
CPP_STDIN_FILENO,STDIN_FILENO,cpp,orictxt301
CPP_STDOUT_FILENO,STDOUT_FILENO,cpp,orictxt302
CPP_STREAM_MAX,STREAM_MAX,cpp,orictxt303
CPP_S_IRGRP,S_IRGRP,cpp,orictxt304
CPP_S_IROTH,S_IROTH,cpp,orictxt305
CPP_S_IRUSR,S_IRUSR,cpp,orictxt306
CPP_S_IRWXG,S_IRWXG,cpp,orictxt307
CPP_S_IRWXO,S_IRWXO,cpp,orictxt308
CPP_S_IRWXU,S_IRWXU,cpp,orictxt309
CPP_S_ISBLK,S_ISBLK,cpp,orictxt310
CPP_S_ISCHR,S_ISCHR,cpp,orictxt311
CPP_S_ISDIR,S_ISDIR,cpp,orictxt312
CPP_S_ISFIFO,S_ISFIFO,cpp,orictxt313
CPP_S_ISGID,S_ISGID,cpp,orictxt314
CPP_S_ISREGSUID,S_ISREGSUID,cpp,orictxt315
CPP_S_IWGRP,S_IWGRP,cpp,orictxt316
CPP_S_IWOTH,S_IWOTH,cpp,orictxt317
CPP_S_IWUSR,S_IWUSR,cpp,orictxt318
CPP_S_IXGRP,S_IXGRP,cpp,orictxt319
CPP_S_IXOTH,S_IXOTH,cpp,orictxt320
CPP_S_IXUSR,S_IXUSR,cpp,orictxt321
CPP_SCREENMODE,ScreenMode,cpp,orictxt322
CPP_TCIFLUSH,TCIFLUSH,cpp,orictxt323
CPP_TCIOFF,TCIOFF,cpp,orictxt324
CPP_TCIOFLUSH,TCIOFLUSH,cpp,orictxt325
CPP_TCION,TCION,cpp,orictxt326
CPP_TCOFF,TCOFF,cpp,orictxt327
CPP_TCOFLUSH,TCOFLUSH,cpp,orictxt328
CPP_TCOON,TCOON,cpp,orictxt329
CPP_TCSADRAIN,TCSADRAIN,cpp,orictxt330
CPP_TCSAFLUSH,TCSAFLUSH,cpp,orictxt331
CPP_TCSANOW,TCSANOW,cpp,orictxt332
CPP_TOSTOP,TOSTOP,cpp,orictxt334
CPP_TZNAME_MAX,TZNAME_MAX,cpp,orictxt335
CPP_VEOF,VEOF,cpp,orictxt340
CPP_VEOL,VEOL,cpp,orictxt341
CPP_VERASE,VERASE,cpp,orictxt342
CPP_VINTR,VINTR,cpp,orictxt343
CPP_VKILL,VKILL,cpp,orictxt344
CPP_VMIN,VMIN,cpp,orictxt345
CPP_VQUIT,VQUIT,cpp,orictxt346
CPP_VSTART,VSTART,cpp,orictxt347
CPP_VSTOP,VSTOP,cpp,orictxt348
CPP_VSUSP,VSUSP,cpp,orictxt349
CPP_VTIME,VTIME,cpp,orictxt350
CPP_WEXITSTATUS,WEXITSTATUS,cpp,orictxt351
CPP_WIFEXITED,WIFEXITED,cpp,orictxt352
CPP_WIFSIGNALED,WIFSIGNALED,cpp,orictxt353
CPP_WIFSTOPPED,WIFSTOPPED,cpp,orictxt354
CPP_WNOHANG,WNOHANG,cpp,orictxt355
CPP_WSTOPSIG,WSTOPSIG,cpp,orictxt356
CPP_WTERMSIG,WTERMSIG,cpp,orictxt357
CPP_WUNTRACED,WUNTRACED,cpp,orictxt358
CPP_W_OK,W_OK,cpp,orictxt359
CPP_X_OK,X_OK,cpp,orictxt360
CPP__,[,cpp,orictxt361
CPP___,[],cpp,orictxt362
CPP___,\\,cpp,orictxt363
CPP_____,\\\',cpp,orictxt365
CPP_____,\\\?,cpp,orictxt366
CPP_____,\\\\,cpp,orictxt367
CPP__,],cpp,orictxt376
CPP__,^,cpp,orictxt378
CPP___,^=,cpp,orictxt379
CPP__8087,_8087,cpp,orictxt380
CPP__IOFBF,_IOFBF,cpp,orictxt381
CPP__IOLBF,_IOLBF,cpp,orictxt382
CPP__IONBF,_IONBF,cpp,orictxt383
CPP__PC_CHOWN_RESTRICTED,_PC_CHOWN_RESTRICTED,cpp,orictxt384
CPP__PC_MAX_CANON,_PC_MAX_CANON,cpp,orictxt385
CPP__PC_MAX_INPUT,_PC_MAX_INPUT,cpp,orictxt386
CPP__PC_NAME_MAX,_PC_NAME_MAX,cpp,orictxt387
CPP__PC_NO_TRUNC,_PC_NO_TRUNC,cpp,orictxt388
CPP__PC_PATH_MAX,_PC_PATH_MAX,cpp,orictxt389
CPP__PC_PIPE_BUF,_PC_PIPE_BUF,cpp,orictxt390
CPP__PC_VDISABLE,_PC_VDISABLE,cpp,orictxt391
CPP__POSIX_ARG_MAX,_POSIX_ARG_MAX,cpp,orictxt392
CPP__POSIX_CHILD_MAX,_POSIX_CHILD_MAX,cpp,orictxt393
CPP__POSIX_CHOWN_RESTRICTED,_POSIX_CHOWN_RESTRICTED,cpp,orictxt394
CPP__POSIX_JOB_CONTROL,_POSIX_JOB_CONTROL,cpp,orictxt395
CPP__POSIX_LINK_MAX,_POSIX_LINK_MAX,cpp,orictxt396
CPP__POSIX_MAX_CANON,_POSIX_MAX_CANON,cpp,orictxt397
CPP__POSIX_MAX_INPUT,_POSIX_MAX_INPUT,cpp,orictxt398
CPP__POSIX_NAME_MAX,_POSIX_NAME_MAX,cpp,orictxt399
CPP__POSIX_NGROUPS_MAX,_POSIX_NGROUPS_MAX,cpp,orictxt400
CPP__POSIX_NO_TRUNC,_POSIX_NO_TRUNC,cpp,orictxt401
CPP__POSIX_OPEN_MAX,_POSIX_OPEN_MAX,cpp,orictxt402
CPP__POSIX_PATH_MAX,_POSIX_PATH_MAX,cpp,orictxt403
CPP__POSIX_SAVED_IDS,_POSIX_SAVED_IDS,cpp,orictxt404
CPP__POSIX_SSIZE_MAX,_POSIX_SSIZE_MAX,cpp,orictxt405
CPP__POSIX_STREAM_MAX,_POSIX_STREAM_MAX,cpp,orictxt406
CPP__POSIX_TZNAME_MAX,_POSIX_TZNAME_MAX,cpp,orictxt407
CPP__POSIX_VDISABLE,_POSIX_VDISABLE,cpp,orictxt408
CPP__POSIX_VERSION,_POSIX_VERSION,cpp,orictxt409
CPP__SC_ARG_MAX,_SC_ARG_MAX,cpp,orictxt410
CPP__SC_CHILD_MAX,_SC_CHILD_MAX,cpp,orictxt411
CPP__SC_CLK_TCK,_SC_CLK_TCK,cpp,orictxt412
CPP__SC_JOB_CONTROL,_SC_JOB_CONTROL,cpp,orictxt413
CPP__SC_NGROUPS_MAX,_SC_NGROUPS_MAX,cpp,orictxt414
CPP__SC_OPEN_MAX,_SC_OPEN_MAX,cpp,orictxt415
CPP__SC_SAVED_IDS,_SC_SAVED_IDS,cpp,orictxt416
CPP__SC_STREAM_MAX,_SC_STREAM_MAX,cpp,orictxt417
CPP__SC_TZNAME_MAX,_SC_TZNAME_MAX,cpp,orictxt418
CPP__SC_VERSION,_SC_VERSION,cpp,orictxt419
CPP___FPCE_IEEE__,__FPCE_IEEE__,cpp,orictxt422
CPP___FPCE__,__FPCE__,cpp,orictxt423
CPP__ATOLD,_atold,cpp,orictxt427
CPP__STKLEN,_stklen,cpp,orictxt429
CPP_ACCESS,access,cpp,orictxt432
CPP_ACOS,acos,cpp,orictxt433
CPP_ALARM,alarm,cpp,orictxt434
CPP_ALLOCA,alloca,cpp,orictxt436
CPP_ASIN,asin,cpp,orictxt439
CPP_ATAN,atan,cpp,orictxt443
CPP_ATAN2,atan2,cpp,orictxt444
CPP_BASENAME,basename,cpp,orictxt450
CPP_BREAK,break,cpp,iksira
CPP_BRK,brk,cpp,orictxt452
CPP_CASE,case,cpp,haalah
CPP_CC_T,cc_t,cpp,orictxt457
CPP_CFGETISPEED,cfgetispeed,cpp,orictxt459
CPP_CFGETOSPEED,cfgetospeed,cpp,orictxt460
CPP_CFSETISPEED,cfsetispeed,cpp,orictxt461
CPP_CFSETOSPEED,cfsetospeed,cpp,orictxt462
CPP_CHAR,char,cpp,harfa
CPP_CHMOD,chmod,cpp,orictxt465
CPP_CHOWN,chown,cpp,orictxt466
CPP_CLASS,class,cpp,sanfa
CPP_CONST,const,cpp,saabita
CPP_CONTINUE,continue,cpp,istamirra
CPP_COS,cos,cpp,orictxt475
CPP_COSH,cosh,cpp,orictxt476
CPP_CREAT,creat,cpp,orictxt477
CPP_CRLF2NL,crlf2nl,cpp,orictxt478
CPP_CTERMID,ctermid,cpp,orictxt479
CPP_CUSERID,cuserid,cpp,orictxt481
CPP_DEFAULT,default,cpp,iftiraadii
CPP_DEFINED,defined,cpp,orictxt483
CPP_DEV_T,dev_t,cpp,orictxt486
CPP_DO,do,cpp,ifaela
CPP_DOSMEMGET,dosmemget,cpp,orictxt492
CPP_DOSMEMPUT,dosmemput,cpp,orictxt493
CPP_DOUBLE,double,cpp,muzdavija
CPP_DUP,dup,cpp,orictxt495
CPP_DUP2,dup2,cpp,orictxt496
CPP_ELSE,else,cpp,vaillaa
CPP_EXECL,execl,cpp,orictxt500
CPP_EXECLE,execle,cpp,orictxt501
CPP_EXECLP,execlp,cpp,orictxt502
CPP_EXECV,execv,cpp,orictxt503
CPP_EXECVE,execve,cpp,orictxt504
CPP_EXECVP,execvp,cpp,orictxt505
CPP_EXP,exp,cpp,orictxt507
CPP_FCBT,fcbt,cpp,orictxt510
CPP_FCNTL,fcntl,cpp,orictxt512
CPP_FDOPEN,fdopen,cpp,orictxt514
CPP_FECLEAREXCEPTS,feclearexcepts,cpp,orictxt515
CPP_FEGETENV,fegetenv,cpp,orictxt516
CPP_FEGETEXCEPT,fegetexcept,cpp,orictxt517
CPP_FEGETPREC,fegetprec,cpp,orictxt518
CPP_FEGETROUND,fegetround,cpp,orictxt519
CPP_FENV_T,fenv_t,cpp,orictxt520
CPP_FEPROCENTRY,feprocentry,cpp,orictxt522
CPP_FEPROCEXIT,feprocexit,cpp,orictxt523
CPP_FERAISEEXCEPT,feraiseexcept,cpp,orictxt524
CPP_FESETENV,fesetenv,cpp,orictxt526
CPP_FESETEXCEPT,fesetexcept,cpp,orictxt527
CPP_FESETPREC,fesetprec,cpp,orictxt528
CPP_FESETROUND,fesetround,cpp,orictxt529
CPP_FETESTEXCEPT,fetestexcept,cpp,orictxt530
CPP_FEXCEPT_T,fexcept_t,cpp,orictxt531
CPP_FILENO,fileno,cpp,orictxt536
CPP_FLOAT,float,cpp,aaima
CPP_FOR,for,cpp,likulli
CPP_FPATHCONF,fpathconf,cpp,orictxt543
CPP_FPCLASSIFY,fpclassify,cpp,orictxt544
CPP_FREXP,frexp,cpp,orictxt553
CPP_FSYNC,fsync,cpp,orictxt559
CPP_GETCBRK,getcbrk,cpp,orictxt565
CPP_GETCWD,getcwd,cpp,orictxt568
CPP_GETEGID,getegid,cpp,orictxt569
CPP_GETEUID,geteuid,cpp,orictxt571
CPP_GETGID,getgid,cpp,orictxt572
CPP_GETGRGID,getgrgid,cpp,orictxt573
CPP_GETGRNAM,getgrnam,cpp,orictxt574
CPP_GETGROUPS,getgroups,cpp,orictxt575
CPP_GETHOSTNAME,gethostname,cpp,orictxt576
CPP_GETKEY,getkey,cpp,orictxt577
CPP_GETLOGIN,getlogin,cpp,orictxt578
CPP_GETPGRP,getpgrp,cpp,orictxt579
CPP_GETPID,getpid,cpp,orictxt580
CPP_GETPPID,getppid,cpp,orictxt581
CPP_GETPWNAM,getpwnam,cpp,orictxt582
CPP_GETPWUID,getpwuid,cpp,orictxt583
CPP_GETUID,getuid,cpp,orictxt585
CPP_GID_T,gid_t,cpp,orictxt586
CPP_IF,if,cpp,izaa
CPP_INO_T,ino_t,cpp,orictxt591
CPP_INT,int,cpp,sahiiha
CPP_ISATTY,isatty,cpp,orictxt595
CPP_ISNAN,isnan,cpp,orictxt601
CPP_ISNORMAL,isnormal,cpp,orictxt602
CPP_ITOA,itoa,cpp,orictxt609
CPP_LDEXP,ldexp,cpp,orictxt615
CPP_LINK,link,cpp,orictxt618
CPP_LOG,log,cpp,orictxt621
CPP_LOG10,log10,cpp,orictxt622
CPP_LOG2,log2,cpp,orictxt623
CPP_LSEEK,lseek,cpp,orictxt626
CPP_MBLEN,mblen,cpp,orictxt628
CPP_MBSTOWCS,mbstowcs,cpp,orictxt629
CPP_MBTOWC,mbtowc,cpp,orictxt630
CPP_MKFIFO,mkfifo,cpp,orictxt637
CPP_MODE_T,mode_t,cpp,orictxt639
CPP_MODF,modf,cpp,orictxt640
CPP_NEW,new,cpp,jadiida
CPP_NLINK_T,nlink_t,cpp,orictxt642
CPP_NTOHL,ntohl,cpp,orictxt643
CPP_NTOHS,ntohs,cpp,orictxt644
CPP_OFF_T,off_t,cpp,orictxt645
CPP_PASSWD,passwd,cpp,orictxt650
CPP_PCLOSE,pclose,cpp,orictxt652
CPP_PID_T,pid_t,cpp,orictxt654
CPP_PIPE,pipe,cpp,orictxt655
CPP_POPEN,popen,cpp,orictxt656
CPP_POW2,pow2,cpp,orictxt658
CPP_PRINTF,printf,cpp,uktuba
CPP_PRIVATE,private,cpp,khaassa
CPP_PSIGNAL,psignal,cpp,orictxt662
CPP_PUBLIC,public,cpp,aamma
CPP_RAND48,rand48,cpp,orictxt674
CPP_RETURN,return,cpp,arjie
CPP_RUN_CHILD,run_child,cpp,orictxt687
CPP_SCANF,scanf,cpp,iqraa
CPP_SETENV,setenv,cpp,orictxt690
CPP_SETGID,setgid,cpp,orictxt691
CPP_SETPGID,setpgid,cpp,orictxt694
CPP_SETSID,setsid,cpp,orictxt695
CPP_SETUID,setuid,cpp,orictxt696
CPP_SIGACTION,sigaction,cpp,orictxt700
CPP_SIGADDSET,sigaddset,cpp,orictxt702
CPP_SIGEMPTYSET,sigemptyset,cpp,orictxt703
CPP_SIGFILLSET,sigfillset,cpp,orictxt704
CPP_SIGISMEMBER,sigismember,cpp,orictxt705
CPP_SIGJMP_BUF,sigjmp_buf,cpp,orictxt706
CPP_SIGLONGJMP,siglongjmp,cpp,orictxt707
CPP_SIGPROCMASK,sigprocmask,cpp,orictxt711
CPP_SIGSET_T,sigset_t,cpp,orictxt712
CPP_SIGSETJMP,sigsetjmp,cpp,orictxt713
CPP_SIN,sin,cpp,orictxt715
CPP_SINH,sinh,cpp,orictxt716
CPP_SLEEP,sleep,cpp,orictxt719
CPP_SPEED_T,speed_t,cpp,orictxt720
CPP_SSIZE_T,ssize_t,cpp,orictxt725
CPP_STACKAVAIL,stackavail,cpp,orictxt726
CPP_STAT,stat,cpp,orictxt727
CPP_STATFS,statfs,cpp,orictxt729
CPP_STATIC,static,cpp,saakina
CPP_STKCOLL,stkcoll,cpp,orictxt734
CPP_STRCOLL,strcoll,cpp,orictxt738
CPP_STRPBRK,strpbrk,cpp,orictxt747
CPP_STRSEP,strsep,cpp,orictxt749
CPP_STRUCT,struct,cpp,binyah
CPP_STRXFRM,strxfrm,cpp,orictxt763
CPP_SWITCH,switch,cpp,baddila
CPP_SYNC,sync,cpp,orictxt765
CPP_SYS_ERRLIST,sys_errlist,cpp,orictxt766
CPP_SYS_NERR,sys_nerr,cpp,orictxt767
CPP_SYSCONF,sysconf,cpp,orictxt768
CPP_TAN,tan,cpp,orictxt770
CPP_TANH,tanh,cpp,orictxt771
CPP_TCDRAIN,tcdrain,cpp,orictxt772
CPP_TCFLAG_T,tcflag_t,cpp,orictxt773
CPP_TCFLOW,tcflow,cpp,orictxt774
CPP_TCFLUSH,tcflush,cpp,orictxt775
CPP_TCGETATTR,tcgetattr,cpp,orictxt776
CPP_TCGETPGRP,tcgetpgrp,cpp,orictxt777
CPP_TCSENDBREAK,tcsendbreak,cpp,orictxt778
CPP_TCSETATTR,tcsetattr,cpp,orictxt779
CPP_TCSETPGRP,tcsetpgrp,cpp,orictxt780
CPP_TEMPNAM,tempnam,cpp,orictxt782
CPP_TERMINATE,terminate,cpp,orictxt783
CPP_TERMIOS,termios,cpp,orictxt784
CPP_TTYNAME,ttyname,cpp,orictxt796
CPP_TZSET,tzset,cpp,orictxt798
CPP_UID_T,uid_t,cpp,orictxt799
CPP_UMASK,umask,cpp,orictxt800
CPP_UNAME,uname,cpp,orictxt801
CPP_UNEXPECTED,unexpected,cpp,orictxt802
CPP_UNLINK,unlink,cpp,orictxt805
CPP_UTIME,utime,cpp,orictxt807
CPP_UTSNAME,utsname,cpp,orictxt808
CPP_VIRTUAL,virtual,cpp,iftiraadii
CPP_VOID,void,cpp,faraagha
CPP_WAITPID,waitpid,cpp,orictxt822
CPP_WCSTOMBS,wcstombs,cpp,orictxt824
CPP_WCTOMB,wctomb,cpp,orictxt825
CPP_WHILE,while,cpp,taalamaa
CPP_WILD,wild,cpp,orictxt827
JAVA_BREAK,break,java,iksira
JAVA_CASE,case,java,haalah
JAVA_CHAR,char,java,harfa
JAVA_CLASS,class,java,sanfa
JAVA_CONST,const,java,saabita
JAVA_CONTINUE,continue,java,istamirra
JAVA_DEFAULT,default,java,iftiraadii
JAVA_DO,do,java,ifaela
JAVA_DOUBLE,double,java,muzdavija
JAVA_ELSE,else,java,vaillaa
JAVA_FLOAT,float,java,aaima
JAVA_FOR,for,java,likulli
JAVA_IF,if,java,izaa
JAVA_INT,int,java,sahiiha
JAVA_NEW,new,java,jadiida
JAVA_PRIVATE,private,java,khaassa
JAVA_PUBLIC,public,java,aamma
JAVA_RETURN,return,java,arjie
JAVA_STATIC,static,java,saakina
JAVA_SWITCH,switch,java,baddila
JAVA_VOID,void,java,faraagha
JAVA_WHILE,while,java,taalamaa
ASM_CON,CON,asm,orictxt276
ASM_DUP,DUP,asm,orictxt277
ASM_EXTERN,EXTERN,asm,orictxt218
ASM__LALL,.LALL,asm,orictxt239
ASM__LFCOND,.LFCOND,asm,orictxt240
ASM__SFCOND,.SFCOND,asm,orictxt259
ASM__TFCOND,.TFCOND,asm,orictxt263
ASM_ESC,ESC,asm,orictxt65
